<?xml version="1.0"?>
<doc>
    <assembly>
        <name>Pcy.Common</name>
    </assembly>
    <members>
        <member name="T:Pcy.Authority.AuthLibrary">
            <summary>
            用户管理库。
            </summary>
        </member>
        <member name="F:Pcy.Authority.AuthLibrary.UNKNOW_USER">
            <summary>
            未知用户常量字段。该字段为只读字段。
            </summary>
        </member>
        <member name="F:Pcy.Authority.AuthLibrary.OP">
            <summary>
            OP用户常量字段。该字段为只读字段。
            </summary>
        </member>
        <member name="M:Pcy.Authority.AuthLibrary.#ctor">
            <summary>
            初始化新的实例，并指定权限数据文件存储位置。
            </summary>
        </member>
        <member name="P:Pcy.Authority.AuthLibrary.LoginedUser">
            <summary>
            获取当前已登录用户。
            </summary>
        </member>
        <member name="P:Pcy.Authority.AuthLibrary.IsAdministrator">
            <summary>
            确定当前登录用户是否为<see cref="F:Pcy.Authority.Roles.Administrator"/>权限。
            </summary>
        </member>
        <member name="M:Pcy.Authority.AuthLibrary.Login(System.String)">
            <summary>
            使用指定的用户名登录。
            </summary>
            <param name="userName"></param>
        </member>
        <member name="M:Pcy.Authority.AuthLibrary.AddUser(Pcy.Authority.RoleInfo)">
            <summary>
            添加一个新用户，并返回添加是否成功。
            </summary>
            <returns>成功返回true。</returns>
            <exception cref="T:System.ArgumentException">赋值的权限等级小于<see cref="F:Pcy.Authority.Roles.User"/>。</exception>
        </member>
        <member name="M:Pcy.Authority.AuthLibrary.ChangePassword(System.String,System.String)">
            <summary>
            修改指定用户名的登录密码，并返回修改结果。
            </summary>
            <param name="userName"></param>
            <param name="newPassword"></param>
            <returns></returns>
        </member>
        <member name="M:Pcy.Authority.AuthLibrary.VerifyPassword(System.String,System.String)">
            <summary>
            验证指定用户的登录密码是否与已经保存的用户名一致，并返回验证结果。
            </summary>
            <param name="userName"></param>
            <param name="password"></param>
            <returns>验证通过返回true,用户名不存在或密码错误返回false。</returns>
        </member>
        <member name="M:Pcy.Authority.AuthLibrary.DeleteUser(System.String)">
            <summary>
            从用户信息列表中移除指定的用户信息，并返回移除结果。
            </summary>
            <param name="userName">如果有移除用户则返回true,否则返回false。</param>
            <returns></returns>
        </member>
        <member name="M:Pcy.Authority.AuthLibrary.UserExist(System.String)">
            <summary>
            确定指定用户名是否存在。
            </summary>
            <param name="userName">指定用户名。</param>
            <returns>存在返回<see langword="true"/>，否则返回<see langword="false"/>。</returns>
        </member>
        <member name="P:Pcy.Authority.AuthLibrary.Item(System.String)">
            <summary>
            获取指定用户名的用户信息。
            </summary>
            <param name="userName">用户名。</param>
            <returns>成功获取返回<see cref="T:Pcy.Authority.RoleInfo"/>，否则返回null。</returns>
        </member>
        <member name="E:Pcy.Authority.AuthLibrary.RemovedUserEvent">
            <summary>
            当有用户信息被移除时触发该事件。
            </summary>
        </member>
        <member name="E:Pcy.Authority.AuthLibrary.AddedUserEvent">
            <summary>
            当新用户信息被添加到用户列表时触发该事件。
            </summary>
        </member>
        <member name="E:Pcy.Authority.AuthLibrary.UserAccessChangedEvent">
            <summary>
            当有用户权限等级改变时触发该事件。
            </summary>
        </member>
        <member name="E:Pcy.Authority.AuthLibrary.UserPasswordChangedEvent">
            <summary>
            当有用户密码被修改时触发该事件。
            </summary>
        </member>
        <member name="E:Pcy.Authority.AuthLibrary.LoginUserChangedEvent">
            <summary>
            当登录用户发生改变时触发该事件。
            </summary>
        </member>
        <member name="T:Pcy.Authority.IAuthManager">
            <summary>
            用户权限管理接口。
            </summary>
        </member>
        <member name="M:Pcy.Authority.IAuthManager.AddUser(Pcy.Authority.RoleInfo)">
            <summary>
            添加一个新用户，并返回添加是否成功。
            </summary>
            <returns>成功返回true。</returns>
        </member>
        <member name="M:Pcy.Authority.IAuthManager.ChangePassword(System.String,System.String)">
            <summary>
            验证指定用户的登录密码是否与已经保存的用户名一致，并返回验证结果。
            </summary>
            <param name="userName"></param>
            <param name="password"></param>
            <returns>验证通过返回true,用户名不存在或密码错误返回false。</returns>
        </member>
        <member name="E:Pcy.Authority.IAuthManager.RemovedUserEvent">
            <summary>
            当有用户信息被移除时触发该事件。
            </summary>
        </member>
        <member name="E:Pcy.Authority.IAuthManager.AddedUserEvent">
            <summary>
            当新用户信息被添加到用户列表时触发该事件。
            </summary>
        </member>
        <member name="E:Pcy.Authority.IAuthManager.UserAccessChangedEvent">
            <summary>
            当有用户权限等级改变时触发该事件。
            </summary>
        </member>
        <member name="E:Pcy.Authority.IAuthManager.UserPasswordChangedEvent">
            <summary>
            当有用户密码被修改时触发该事件。
            </summary>
        </member>
        <member name="E:Pcy.Authority.IAuthManager.LoginUserChangedEvent">
            <summary>
            当登录用户发生改变时触发该事件。
            </summary>
        </member>
        <member name="P:Pcy.Authority.RemovedUserEventArgs.RemovedUserName">
            <summary>
            被移除的用户名。
            </summary>
        </member>
        <member name="T:Pcy.Authority.LoginUserChangedEventArgs">
            <summary>
            登录用户改变事件数据。
            </summary>
        </member>
        <member name="P:Pcy.Authority.LoginUserChangedEventArgs.OldUserInfo">
            <summary>
            上一次登录的用户信息。
            </summary>
        </member>
        <member name="T:Pcy.Authority.UserPasswordChangedEventArgs">
            <summary>
            用户密码修改事件数据。
            </summary>
        </member>
        <member name="P:Pcy.Authority.UserPasswordChangedEventArgs.OldPassword">
            <summary>
            修改前的用户密码。
            </summary>
        </member>
        <member name="P:Pcy.Authority.UserPasswordChangedEventArgs.NewPassword">
            <summary>
            新的用户密码。
            </summary>
        </member>
        <member name="T:Pcy.Authority.UserAccessChangedEventArgs">
            <summary>
            用户权限等级事件数据。
            </summary>
        </member>
        <member name="P:Pcy.Authority.UserAccessChangedEventArgs.OldAccessLevel">
            <summary>
            改变前的用户权限等级。
            </summary>
        </member>
        <member name="P:Pcy.Authority.UserAccessChangedEventArgs.NewAccessLevel">
            <summary>
            新的权限等级。
            </summary>
        </member>
        <member name="T:Pcy.Authority.AuthEventArgs">
            <summary>
            权限管理事件基类。
            </summary>
        </member>
        <member name="P:Pcy.Authority.AuthEventArgs.UserInfo">
            <summary>
            被操作的用户信息。
            </summary>
        </member>
        <member name="T:Pcy.Authority.IRoleControl">
            <summary>
            提供对控件的用户权限管理
            </summary>
        </member>
        <member name="T:Pcy.Authority.RoleInfo">
            <summary>
            权限管理模块用户信息。
            </summary>
        </member>
        <member name="P:Pcy.Authority.RoleInfo.Name">
            <summary>
            已登录的用户名。
            </summary>
        </member>
        <member name="P:Pcy.Authority.RoleInfo.Role">
            <summary>
            当前登录用户的权限等级。
            </summary>
        </member>
        <member name="P:Pcy.Authority.RoleInfo.IsSystemUser">
            <summary>
            指示该用户是否为系统默认用户。
            </summary>
        </member>
        <member name="P:Pcy.Authority.RoleInfo.ReadOnly">
            <summary>
            是否允许在非用户管理界面的地方修改此用户信息。
            </summary>
        </member>
        <member name="P:Pcy.Authority.IAuth.CurrentUser">
            <summary>
            当前登录的用户。
            </summary>
        </member>
        <member name="M:Pcy.Authority.IAuth.Login(System.String,System.String)">
            <summary>
            使用指定的密码登录，登录成功后，则当前用户<see cref="P:Pcy.Authority.IAuth.CurrentUser"/>切换为登录用户。
            </summary>
            <param name="userName">用户名。</param>
            <param name="password">登录密码</param>
            <returns>成功登录的用户。</returns>
        </member>
        <member name="M:Pcy.Authority.IAuth.Logout">
            <summary>
            登出所有账户，如果登录成功，则<see cref="P:Pcy.Authority.IAuth.CurrentUser"/>变为空值。
            </summary>
            <returns>是否登出成功</returns>
        </member>
        <member name="M:Pcy.Authority.IAuth.Logup(System.String,System.String,Pcy.Authority.Roles)">
            <summary>
            注册新的用户并返回是否注册成功。
            </summary>
            <param name="userName">新用户名。</param>
            <param name="password">新用户密码。</param>
            <param name="role">新用户的权限等级。</param>
            <returns></returns>
        </member>
        <member name="M:Pcy.Authority.IAuth.ChangePassword(System.String,System.String,System.String)">
            <summary>
            修改用户密码
            </summary>
            <param name="userName">需要修改密码的用户名。</param>
            <param name="oldPwd">需要修改密码的用户旧密码。</param>
            <param name="newPwd">需要设置的新密码。</param>
            <returns>是否修改成功。</returns>
        </member>
        <member name="M:Pcy.Authority.IAuth.ContainUser(System.String)">
            <summary>
            指定用户名的用户是否存在。
            </summary>
            <param name="userName"></param>
            <returns></returns>
        </member>
        <member name="E:Pcy.Authority.IAuth.CurrentUserChanged">
            <summary>
            登录用户改变事件。
            </summary>
        </member>
        <member name="M:Pcy.Authority.IAuth.RemoveUser(Pcy.Authority.IUser)">
            <summary>
            移除指定名称的用户。
            </summary>
            <param name="user">需要移除的用户。</param>
            <returns>是否移除成功</returns>
        </member>
        <member name="P:Pcy.Authority.IUser.UserName">
            <summary>
            用户名。
            </summary>
        </member>
        <member name="P:Pcy.Authority.IUser.Level">
            <summary>
            用户等级
            </summary>
        </member>
        <member name="P:Pcy.Authority.IUser.Id">
            <summary>
            用户ID。
            </summary>
        </member>
        <member name="T:Pcy.Authority.Roles">
            <summary>
            用户权限类型枚举
            </summary>
        </member>
        <member name="F:Pcy.Authority.Roles.None">
            <summary>
            未知类型
            </summary>
        </member>
        <member name="F:Pcy.Authority.Roles.User">
            <summary>
            普通用户
            </summary>
        </member>
        <member name="F:Pcy.Authority.Roles.Engineer">
            <summary>
            工程师
            </summary>
        </member>
        <member name="F:Pcy.Authority.Roles.Administrator">
            <summary>
            管理员
            </summary>
        </member>
        <member name="F:Pcy.Authority.Roles.Root">
            <summary>
            根用户
            </summary>
        </member>
        <member name="M:Pcy.Common.FileHelper.AESTextRead(System.String,System.String)">
            <summary>
            从文件获取经AES加密的字符串
            </summary>
            <param name="path">文件路径</param>
            <param name="key">AES解密密文，长度必须为16位，即16个英文字符</param>
            <returns>解码成功返回解码后字符，否则返回string.Empty</returns>
        </member>
        <member name="M:Pcy.Common.FileHelper.AESTextWrite(System.String,System.String,System.String)">
            <summary>
            将字符串经过AES加密后保存到文件
            </summary>
            <param name="text">需要加密保存的字符串</param>
            <param name="path">文件保存的路径</param>
            <param name="key">AES加密密文</param>
            <returns>是否保存成功</returns>
        </member>
        <member name="T:Pcy.Common.AESHelper">
            <summary>
            AES加密助手类。
            </summary>
        </member>
        <member name="M:Pcy.Common.AESHelper.AesEncryptText(System.String,System.String)">
            <summary>
             AES 文本加密
            </summary>
            <param name="str">明文文本（待加密）</param>
            <param name="key">密钥</param>
            <returns>加密后的字符串。</returns>
        </member>
        <member name="M:Pcy.Common.AESHelper.AesEncrypt(System.Byte[],System.String)">
            <summary>
            AES加密
            </summary>
            <param name="buffer">需要加密的数据</param>
            <param name="key">密钥</param>
            <returns></returns>
        </member>
        <member name="M:Pcy.Common.AESHelper.AesEncrypt(System.Byte[],System.Byte[])">
            <summary>
            AES加密
            </summary>
            <param name="buffer">需要加密的数据</param>
            <param name="key">密钥</param>
            <returns></returns>
        </member>
        <member name="M:Pcy.Common.AESHelper.AesDecrypt(System.String,System.String)">
            <summary>
             AES 文本解密
            </summary>
            <param name="str">明文（待解密）</param>
            <param name="key">密文</param>
            <returns>解密后的字符串。</returns>
        </member>
        <member name="M:Pcy.Common.AESHelper.AesDecrypt(System.Byte[],System.String)">
            <summary>
            AES解密
            </summary>
            <param name="buffer">需要解密的密文数据</param>
            <param name="key">密钥</param>
            <returns>解密后的数据</returns>
        </member>
        <member name="M:Pcy.Common.AESHelper.AesDecrypt(System.Byte[],System.Byte[])">
            <summary>
            AES解密
            </summary>
            <param name="buffer">需要解密的密文数据</param>
            <param name="key">密钥</param>
            <returns>解密后的数据</returns>
        </member>
        <member name="T:Pcy.Common.ByteArrayStickyPackage">
            <summary>
            字节数据拆包处理。
            </summary>
        </member>
        <member name="M:Pcy.Common.ByteArrayStickyPackage.#ctor(System.String)">
            <summary>
            初始化实例，并指定用于拆包的字符。
            </summary>
            <param name="stickyEnd"></param>
        </member>
        <member name="M:Pcy.Common.ByteArrayStickyPackage.ConfigSpliter(System.String)">
            <summary>
            设置粘包处理拆包结尾字符串，长度不大于两位
            </summary>
        </member>
        <member name="P:Pcy.Common.ByteArrayStickyPackage.StickyEnd">
            <summary>
            获取当前用于拆包的字节数组。
            </summary>
        </member>
        <member name="M:Pcy.Common.ByteArrayStickyPackage.Fire(System.Byte[])">
            <summary>
            处理粘包数据。
            </summary>
            <param name="buffer"></param>
        </member>
        <member name="T:Pcy.Common.ConFifoQueue`1">
            <summary>
            线程安全的先进先出(FIFO)命令处理队列。
            </summary>
            <typeparam name="T">被处理的数据。</typeparam>
            <remarks></remarks>
        </member>
        <member name="F:Pcy.Common.ConFifoQueue`1.locker">
            <summary>
            获取当前线程同步锁。
            </summary>
        </member>
        <member name="P:Pcy.Common.ConFifoQueue`1.IncomingTasks">
            <summary>
            获取所有需要执行的任务
            </summary>
        </member>
        <member name="M:Pcy.Common.ConFifoQueue`1.#ctor(System.String,System.Threading.ThreadPriority,System.Threading.ApartmentState)">
            <summary>
            初始化命令队列实例。
            </summary>
            <param name="threadName">线程名称。</param>
            <param name="threadPriority">线程优先级。</param>
            <param name="apartmentState">线程单元状态。</param>
        </member>
        <member name="M:Pcy.Common.ConFifoQueue`1.HandleThread(`0)">
            <summary>
            命令队列处理方法。
            </summary>
        </member>
        <member name="M:Pcy.Common.ConFifoQueue`1.Enqueue(`0)">
            <summary>
            添加新的数据到命令队列末尾处。
            </summary>
            <param name="queneData"></param>
        </member>
        <member name="M:Pcy.Common.ConFifoQueue`1.ClearCommandQueue">
            <summary>
            清除现有的命令队列
            </summary>
        </member>
        <member name="M:Pcy.Common.ConFifoQueue`1.Dispose">
            <summary>
            停止新增的命令数据处理，并准备退出线程并释放资源。
            </summary>
            <exception cref="T:System.ObjectDisposedException">资源已被释放。</exception>
        </member>
        <member name="T:Pcy.Common.IFifoResult">
            <summary>
            具有返回值的队列任务类型<see cref="T:Pcy.Common.FifoResultQueue`1"/>的数据接口。
            </summary>
        </member>
        <member name="T:Pcy.Common.FifoResultQueueBase">
            <summary>
            <see cref="T:Pcy.Common.FifoResultQueue`1"/>的抽象数据类。
            </summary>
        </member>
        <member name="M:Pcy.Common.FifoResultQueueBase.NotifyResultReady">
            <summary>
            通知程序当前任务已经执行完毕。
            </summary>
        </member>
        <member name="M:Pcy.Common.FifoResultQueueBase.WaitForResultReady(System.Int32)">
            <summary>
            等待结果准备完毕。
            </summary>
            <param name="timeout">等待结果的时间。</param>
            <returns></returns>
        </member>
        <member name="T:Pcy.Common.FifoResultQueue`1">
            <summary>
            可将指定任务放入队列中执行，然后返回Ticket，可根据Ticket判断任务是否执行完毕并返回任务结果。
            </summary>
            <typeparam name="T"></typeparam>
        </member>
        <member name="M:Pcy.Common.FifoResultQueue`1.BeginRun(`0)">
            <summary>
            开始已指定参数执行任务，并返回任务绑定的Ticket。
            </summary>
            <param name="run"></param>
            <returns>任务绑定的Ticket。</returns>
        </member>
        <member name="M:Pcy.Common.FifoResultQueue`1.Enqueue(`0)">
            <summary>
            添加任务到任务队列中。
            通过该方法添加的任务队列无法在<see cref="M:Pcy.Common.FifoResultQueue`1.CompleteRun(System.Object,System.Int32)"/>中进行拉取。
            </summary>
            <param name="queneData"></param>
        </member>
        <member name="M:Pcy.Common.FifoResultQueue`1.CompleteRun(System.Object,System.Int32)">
            <summary>
            等待Ticket的任务在指定的超时时间内完成，并返回完成了的任务。
            </summary>
            <param name="ticketID"></param>
            <param name="timeoutMilesecond"></param>
            <returns></returns>
        </member>
        <member name="M:Pcy.Common.FifoResultQueue`1.HandleThreadEx(`0)">
            <summary>
            进行队列互斥执行时对数据进行处理的函数。
            </summary>
            <param name="run"></param>
        </member>
        <member name="T:Pcy.Common.Internal.TcpBase">
            <summary>
            Tcp基类。
            </summary>
        </member>
        <member name="P:Pcy.Common.Internal.TcpBase.MySocket">
            <summary>
            链接套接字接口。
            </summary>
        </member>
        <member name="M:Pcy.Common.Internal.TcpBase.HandleKeepAliveElapsed">
            <summary>
            keep-alive处理。
            </summary>
        </member>
        <member name="P:Pcy.Common.Internal.TcpBase.EnableKeepAlive">
            <summary>
            是否启用KeepAlive用于验证连接是否断开，默认启用。KeepAlive会占用带宽。
            </summary>
        </member>
        <member name="P:Pcy.Common.Internal.TcpBase.IsConnected">
            <summary>
            获取连接状态。
            </summary>
        </member>
        <member name="M:Pcy.Common.Internal.TcpBase.Send(System.Byte[])">
            <summary>
            发送数据到远程连接。
            </summary>
            <param name="buffer">需要发送的数据。</param>
        </member>
        <member name="M:Pcy.Common.Internal.TcpBase.Send(System.Byte[],System.Int32)">
            <summary>
            发送数据到远程连接。
            </summary>
            <param name="buffer">需要发送的数据。</param>
            <param name="size">要发送的字节数。</param>
        </member>
        <member name="M:Pcy.Common.Internal.TcpBase.BeginSend(System.Byte[])">
            <summary>
            异步发送数据到远端
            </summary>
            <param name="buffer">报文。</param>
        </member>
        <member name="M:Pcy.Common.Internal.TcpBase.Disconnect">
            <summary>
            断开连接。
            </summary>
        </member>
        <member name="P:Pcy.Common.Internal.TcpBase.BufferSize">
            <summary>
            单次数据接收的缓冲区大小。
            </summary>
        </member>
        <member name="M:Pcy.Common.Internal.TcpBase.SetSocketBuffer">
            <summary>
            设置Socket缓冲区。
            </summary>
        </member>
        <member name="M:Pcy.Common.Internal.TcpBase.ClearAllEvents(System.Object,System.String)">
            <summary>
            清除绑定的事件函数
            </summary>
            <param name="objectHasEvents"></param>
            <param name="eventName"></param>
        </member>
        <member name="T:Pcy.Common.Internal.TcpRecvdEventArgs">
            <summary>
            TCP数据接收事件抽象类。
            </summary>
        </member>
        <member name="M:Pcy.Common.Internal.TcpRecvdEventArgs.GetString">
            <summary>
            获取操作系统默认字符编码格式的字符串。
            </summary>
            <returns></returns>
        </member>
        <member name="M:Pcy.Common.Internal.TcpRecvdEventArgs.GetString(System.Text.Encoding)">
            <summary>
            获取指定字符编码格式的字符串。
            </summary>
            <param name="encoder"></param>
            <returns></returns>
        </member>
        <member name="P:Pcy.Common.Internal.TcpRecvdEventArgs.Buffer">
            <summary>
            接收到的数据。
            </summary>
        </member>
        <member name="P:Pcy.Common.Internal.TcpRecvdEventArgs.RecvdLength">
            <summary>
            接收到的数据长度。
            </summary>
        </member>
        <member name="T:Pcy.Common.Internal.TcpStateEventArgs">
            <summary>
            TCP状态改变事件抽象类。
            </summary>
        </member>
        <member name="P:Pcy.Common.Internal.TcpStateEventArgs.Connected">
            <summary>
            获取与服务器端的连接状态。
            </summary>
        </member>
        <member name="P:Pcy.Common.Internal.TcpStateEventArgs.Message">
            <summary>
            获取描述当前连接状态的信息。
            </summary>
        </member>
        <member name="P:Pcy.Common.Internal.TcpStateEventArgs.Trigger">
            <summary>
            发生此次连接状态改变的触发器。
            </summary>
        </member>
        <member name="P:Pcy.Common.Internal.TcpStateEventArgs.SocketErrCode">
            <summary>
            如果是<see cref="T:System.Net.Sockets.SocketException"/>引发连接失败，则为连接失败的Socket错误代码。
            </summary>
        </member>
        <member name="T:Pcy.Common.ListBase">
            <summary>
            集合实现抽象类。
            </summary>
        </member>
        <member name="F:Pcy.Common.ListBase.InnerList">
            <summary>
            用于存储数据的<see cref="T:System.Collections.ArrayList"/>对象。
            </summary>
        </member>
        <member name="M:Pcy.Common.ListBase.#ctor">
            <summary>
            初始化<see cref="T:Pcy.Common.ListBase"/>对象。
            </summary>
        </member>
        <member name="P:Pcy.Common.ListBase.Count">
            <summary>
            获取集合表示的对象数量。
            </summary>
        </member>
        <member name="M:Pcy.Common.ListBase.Clear">
            <summary>
            从当前集合中移除所有项。
            </summary>
        </member>
        <member name="M:Pcy.Common.ListBase.RemoveAt(System.Int32)">
            <summary>
            移除指定索引位置处的项。
            </summary>
            <param name="index">指定索引位置。</param>
        </member>
        <member name="M:Pcy.Common.ListBase.GetEnumerator">
            <summary>
            返回循环访问集合的枚举数。
            </summary>
            <returns></returns>
        </member>
        <member name="T:Pcy.Common.ListEnumeratorBase`2">
            <summary>
            <see cref="T:Pcy.Common.ListBase"/>抽象类枚举实现。
            </summary>
            <typeparam name="TFather">继承自<see cref="T:Pcy.Common.ListBase"/>的类对象。</typeparam>
            <typeparam name="TChild"><typeparamref name="TFather"/>的集合对象。</typeparam>
        </member>
        <member name="M:Pcy.Common.ListEnumeratorBase`2.#ctor(`0)">
            <summary>
            初始化对象。
            </summary>
            <param name="item"></param>
        </member>
        <member name="M:Pcy.Common.ListEnumeratorBase`2.MoveNext">
            <summary>
            将枚举数推进到集合的下一个元素。
            </summary>
            <returns></returns>
        </member>
        <member name="M:Pcy.Common.ListEnumeratorBase`2.Reset">
            <summary>
            将枚举数设置为其初始位置，该位置位于集合中第一个元素之前。
            </summary>
        </member>
        <member name="P:Pcy.Common.ListEnumeratorBase`2.Current">
            <summary>
            获取集合中位于枚举数当前位置的元素。
            </summary>
        </member>
        <member name="M:Pcy.Common.LogBase.ProtectInit(System.Collections.IList)">
            <summary>
            初始化：日志显示器和其过滤器、其它参数。
            </summary>
            <returns></returns>
        </member>
        <member name="M:Pcy.Common.LogBase.RefreshAndScrollToEnd">
            <summary>
            刷新日志显示并根据设置滚动到最后一行。
            </summary>
        </member>
        <member name="M:Pcy.Common.LogBase.RefreshViewCollection">
            <summary>
            刷新日志显示器。
            </summary>
        </member>
        <member name="M:Pcy.Common.LogBase.CreateLog(System.String,Pcy.Common.LogLevel,Pcy.Common.LogVisibility)">
            <summary>
            创建一条日志
            </summary>
            <param name="text"></param>
            <param name="logType"></param>
            <param name="visibility"></param>
            <returns></returns>
        </member>
        <member name="F:Pcy.Common.LogBase.Logger">
            <summary>
            日志保存器。
            </summary>
        </member>
        <member name="M:Pcy.Common.LogBase.RaisePropertyChanged(System.String)">
            <summary>
            发起通知
            </summary>
            <param name="propertyName">属性名</param>
        </member>
        <member name="M:Pcy.Common.LogBase.AddLogIf(System.Boolean,System.String,Pcy.Common.LogLevel,Pcy.Common.LogVisibility)">
            <summary>
            添加一条日志，并指定日志级别、可见性以及添加条件。
            </summary>
            <param name="text">日志内容</param>
            <param name="logType">日志级别</param>
            <param name="visibility">是否在可视化控件中可见</param>
            <param name="condition">添加条件。只有在true时才会执行添加。</param>
        </member>
        <member name="P:Pcy.Common.LogBase.LogViewCollection">
            <summary>
            当前显示在日志列表中的日志。
            </summary>
        </member>
        <member name="P:Pcy.Common.LogBase.ShowMoreLog">
            <summary>
            当前是日志显示开发模式可见的日志。
            </summary>
        </member>
        <member name="F:Pcy.Common.LogBase.LOGITEM_MAX_COUNT">
            <summary>
            日志显示栏显示的最多的日志条目数量。
            </summary>
        </member>
        <member name="F:Pcy.Common.LogBase._logList">
            <summary>
            日志列表，装了所有的日志。
            </summary>
        </member>
        <member name="M:Pcy.Common.LogBase.Dispose">
            <summary>
            关闭日志管理器闭释放资源。
            该方法必须手动调用，否则可能会导致程长期处于挂起状态不会被结束。
            </summary>
        </member>
        <member name="M:Pcy.Common.LogBase.ClearShowLogs">
            <summary>
            清除所有日志显示
            </summary>
        </member>
        <member name="M:Pcy.Common.LogBase.OpenLogPath">
            <summary>
            在资源管理器中打开当前日志所在文件夹。
            </summary>
        </member>
        <member name="P:Pcy.Common.LogLogBase.ForeColorBrush">
            <summary>
            日志文本颜色。
            </summary>
        </member>
        <member name="T:Pcy.Common.LogVisibility">
            <summary>
            日志内容在界面日志栏的可见性
            </summary>
        </member>
        <member name="F:Pcy.Common.LogVisibility.Never">
            <summary>
            在日志界面中该日志一直不可见。
            </summary>
        </member>
        <member name="F:Pcy.Common.LogVisibility.Selectable">
            <summary>
            显示更多日志启用时在日志栏可见。
            </summary>
        </member>
        <member name="F:Pcy.Common.LogVisibility.Always">
            <summary>
            在日志界面中该日志一直可见。
            </summary>
        </member>
        <member name="T:Pcy.Common.Logger">
            <summary>
            日志保存。
            </summary>
        </member>
        <member name="M:Pcy.Common.Logger.#ctor(System.String)">
            <summary>
            初始化日志记录器，并指定日志文件路径、是否保存日志时间和日志类型。
            </summary>
            <param name="folderPath">日志文件路径。</param>
        </member>
        <member name="E:Pcy.Common.Logger.OnLogRecorded">
            <summary>
            日志记录完成后触发该事件。
            </summary>
        </member>
        <member name="M:Pcy.Common.Logger.AddLog(System.String,Pcy.Common.LogLevel)">
            <summary>
            追加日志消息到日志中。
            </summary>
            <param name="msg">日志内容。</param>
            <param name="type">日志类型。</param>
        </member>
        <member name="P:Pcy.Common.Logger.LogPath">
            <summary>
            获取日志文件保存目录。
            </summary>
        </member>
        <member name="T:Pcy.Common.LogerLogEventArgs">
            <summary>
            日志记录事件数据。
            </summary>
        </member>
        <member name="P:Pcy.Common.LogerLogEventArgs.Infos">
            <summary>
            日志信息。
            </summary>
        </member>
        <member name="T:Pcy.Common.LogLog">
            <summary>
            日志信息结构。
            </summary>
        </member>
        <member name="M:Pcy.Common.LogLog.#ctor(System.String,Pcy.Common.LogLevel,System.String)">
            <summary>
            新建日志保存信息。
            </summary>
            <param name="strMsg">日志详细内容。</param>
            <param name="logType">日志类型。</param>
            <param name="fileName">指定的日志文件名称。如果设置为<see langword="null"/>或者<see cref="F:System.String.Empty"/>，则使用默认的文件名。</param>
        </member>
        <member name="P:Pcy.Common.LogLog.Thread">
            <summary>
            构建当前日志的线程。
            </summary>
        </member>
        <member name="P:Pcy.Common.LogLog.Message">
            <summary>
            获取日志内容。
            </summary>
        </member>
        <member name="P:Pcy.Common.LogLog.Type">
            <summary>
            获取当前日志的日志类型。
            </summary>
        </member>
        <member name="P:Pcy.Common.LogLog.LogTime">
            <summary>
            获取当前日志的生成时间。
            </summary>
        </member>
        <member name="P:Pcy.Common.LogLog.FileName">
            <summary>
            指定的日志文件名称。
            </summary>
        </member>
        <member name="T:Pcy.Common.LogLevel">
            <summary>
            日志类型。
            </summary>
        </member>
        <member name="F:Pcy.Common.LogLevel.Info">
            <summary>
            信息。
            </summary>
        </member>
        <member name="F:Pcy.Common.LogLevel.Warnning">
            <summary>
            警告。
            </summary>
        </member>
        <member name="F:Pcy.Common.LogLevel.Error">
            <summary>
            错误。
            </summary>
        </member>
        <member name="F:Pcy.Common.LogLevel.Fatal">
            <summary>
            致命错误。
            </summary>
        </member>
        <member name="T:Pcy.Common.MicroStopwatch">
            <summary>
            微秒级Stopwatch。
            </summary>
        </member>
        <member name="T:Pcy.Common.MicroTimer">
            <summary>
            微秒级定时器。
            </summary>
            <remarks>
            根据设计，在回调函数（OnTimedEvent）中完成的工作量必须很小（例如，更新变量或触发UDP数据包）,为此，在回调函数中完成的工作必须比计时器间隔花费的时间少得多。
            如需执行长时耗时任务，请生成单独的线程。
            由于Windows不是实时操作系统，所以回调函数（OnTimedEvent）可能会延迟。如果发生这种情况，并且任何特定的时间间隔被延迟，则有两种选择：
            Either：设置属性IgnoreEventIfLateBy，OnTimedEvent如果计时器延迟了指定的微秒数，则不会调用回调函数（）。这样做的好处是计时器不会尝试“赶上”，即，它不会快速连续地调用回调函数以尝试赶上。缺点是某些事件将丢失。
            Or：默认情况下，MicroTimer将始终尝试追赶下一个间隔。这样的好处是OnTimeEvent被调用的次数对于总的经过时间总是正确的（这就是为什么OnTimedEvent必须花费比间隔少得多的时间的原因；如果花费相似或更长的时间，MicroTimer将永远无法赶上'，并且计时器事件将始终延迟）。这样做的缺点是，当它试图“赶上”时，实际达到的间隔将大大小于所需的间隔，因为快速连续调用回调函数以试图追上。
            </remarks>
        </member>
        <member name="E:Pcy.Common.MicroTimer.Elapsed">
            <summary>
            达到触发间隔时间后将触发该事件。
            请勿在该返回函数执行耗时任务，否则会导致计时器不准确。
            </summary>
        </member>
        <member name="M:Pcy.Common.MicroTimer.#ctor">
            <summary>
            初始化类实例
            </summary>
        </member>
        <member name="M:Pcy.Common.MicroTimer.#ctor(System.Int64)">
            <summary>
            初始化类实例并指定以微秒计的触发时间。
            </summary>
            <param name="intervalInMicroseconds"></param>
        </member>
        <member name="P:Pcy.Common.MicroTimer.Interval">
            <summary>
            以微秒计的触发间隔时间。
            </summary>
        </member>
        <member name="P:Pcy.Common.MicroTimer.IgnoreEventIfLateBy">
            <summary>
            获取或设置一个值，该值指示如果计时器延迟了指定的微秒数，则不会触发<see cref="E:Pcy.Common.MicroTimer.Elapsed"/>事件。
            </summary>
        </member>
        <member name="P:Pcy.Common.MicroTimer.AutoReset">
            <summary>
            指示在一次触发完成后，是否继续触发事件。
            </summary>
        </member>
        <member name="P:Pcy.Common.MicroTimer.Enabled">
            <summary>
            获取或设置是否启用触发计时器。
            </summary>
        </member>
        <member name="M:Pcy.Common.MicroTimer.Start">
            <summary>
            开始计时。
            </summary>
        </member>
        <member name="M:Pcy.Common.MicroTimer.Stop">
            <summary>
            设置一个指示计时器停止的标志来停止计时器。
            此调用是异步执行的，即对的调用Stop将立即返回，但当前计时器事件可能尚未完成。
            </summary>
        </member>
        <member name="M:Pcy.Common.MicroTimer.StopAndWait(System.Int32)">
            <summary>
            同步停止计时器，直到当前计时器（回调）事件完成并且计时器线程终止，或超过最长等待时间。
            </summary>
            <param name="timeoutInMilliSec">以毫秒为单位的最大超时时间</param>
            <returns>如果在超时时间内成功停止，则返回true，否则返回false。</returns>
        </member>
        <member name="M:Pcy.Common.MicroTimer.Abort">
            <summary>
            强制终止计时等待。
            </summary>
        </member>
        <member name="M:Pcy.Common.MicroTimer.Dispose">
            <summary>
            释放资源。
            </summary>
        </member>
        <member name="T:Pcy.Common.MicroTimerEventArgs">
            <summary>
            <see cref="T:Pcy.Common.MicroTimer"/>事件数据。
            </summary>
        </member>
        <member name="P:Pcy.Common.MicroTimerEventArgs.TimerCount">
            <summary>
            简单的计数器，对计时事件进行编号（回调功能）。
            </summary>
        </member>
        <member name="P:Pcy.Common.MicroTimerEventArgs.ElapsedMicroseconds">
            <summary>
            自计时器启动以来调用定时事件的时间。
            </summary>
        </member>
        <member name="P:Pcy.Common.MicroTimerEventArgs.TimerLateBy">
            <summary>
            比较计时器与应该何时调用的时间。
            </summary>
        </member>
        <member name="P:Pcy.Common.MicroTimerEventArgs.CallbackFunctionExecutionTime">
            <summary>
            执行上一次对回调函数的调用所花费的时间（OnTimedEvent）。
            </summary>
        </member>
        <member name="T:Pcy.Common.Extensions">
            <summary>
            扩展方法静态类。
            </summary>
        </member>
        <member name="M:Pcy.Common.Extensions.GetDescription(System.Enum)">
            <summary>
            获取指定枚举值的<see cref="T:System.ComponentModel.DescriptionAttribute"/>特性信息；如果未使用该特性，则返回枚举的名称。。
            </summary>
            <param name="val">枚举值。</param>
            <returns>枚举特性值。</returns>
        </member>
        <member name="M:Pcy.Common.Extensions.AddFlag``1(``0,``0)">
            <summary>
            给枚举值添加指定Flag，需要注意的是必须将添加后的值进行赋值给原值，否则不会更改原值。
            </summary>
            <typeparam name="TEnum"></typeparam>
            <param name="input"></param>
            <param name="flagToAdd"></param>
            <returns></returns>
        </member>
        <member name="M:Pcy.Common.Extensions.RemoveFlage``1(``0,System.Enum)">
            <summary>
            移除枚举值的指定Flag，需要注意的是必须将移除后的值进行赋值给原值，否则不会更改原值。
            </summary>
            <typeparam name="TEnum"></typeparam>
            <param name="input"></param>
            <param name="flagToRemove"></param>
            <returns></returns>
        </member>
        <member name="M:Pcy.Common.Extensions.ToInit(System.Enum)">
            <summary>
            将<see cref="T:System.Enum"/>类型转换成<see cref="T:System.Int32"/>类型。
            </summary>
            <param name="val"></param>
            <returns></returns>
        </member>
        <member name="T:Pcy.Common.PcyMisc">
            <summary>
            其它杂项。
            </summary>
        </member>
        <member name="M:Pcy.Common.PcyMisc.SpainWait(System.Int32)">
            <summary>
            进入自旋等待指定的时长。等待时间为0时执行 <c>Thread.Sleep(0)</c>。
            </summary>
            <param name="millisecondsTimeout">指定的时长，单位毫秒。</param>
            <exception cref="T:System.ArgumentOutOfRangeException">等待时长必须大于等于0。</exception>
        </member>
        <member name="M:Pcy.Common.PcyMisc.WriteFile(System.String,System.String)">
            <summary>
            写入文本内容到指定的文件路径。
            </summary>
            <param name="filePath">指定的文件路径。</param>
            <param name="text">文本内容。</param>
        </member>
        <member name="T:Pcy.Common.MTFifoQueue`1">
            <summary>
            使用多线程并发处理的先进先出(FIFO)命令处理队列。
            </summary>
            <typeparam name="T">被处理的数据。</typeparam>
            <remarks></remarks>
        </member>
        <member name="F:Pcy.Common.MTFifoQueue`1.Locker">
            <summary>
            获取当前线程同步锁。
            </summary>
        </member>
        <member name="P:Pcy.Common.MTFifoQueue`1.CurrThreadCount">
            <summary>
            当前用于处理的线程数量。
            </summary>
        </member>
        <member name="P:Pcy.Common.MTFifoQueue`1.IncomingTasks">
            <summary>
            获取所有需要执行的任务
            </summary>
        </member>
        <member name="P:Pcy.Common.MTFifoQueue`1.FollowAppExit">
            <summary>
            获取或设置一个值，该值指示在调用System.Windows.Forms.Application.Exit"方法时，
            是否停止并释放所有继承自<see cref="T:Pcy.Common.MTFifoQueue`1"/>的资源。
            </summary>
        </member>
        <member name="M:Pcy.Common.MTFifoQueue`1.#ctor(System.String,System.Int32)">
            <summary>
            初始化命令队列实例。
            </summary>
            <param name="threadName">线程名称。</param>
            <param name="threadMax">用于并行处理的线程数量。</param>
        </member>
        <member name="M:Pcy.Common.MTFifoQueue`1.HandleThread(`0)">
            <summary>
            命令队列处理方法。
            </summary>
        </member>
        <member name="M:Pcy.Common.MTFifoQueue`1.Enqueue(`0)">
            <summary>
            添加新的数据到命令队列末尾处。
            </summary>
            <param name="queneData"></param>
        </member>
        <member name="M:Pcy.Common.MTFifoQueue`1.Release">
            <summary>
            释放一次队列。
            </summary>
        </member>
        <member name="M:Pcy.Common.MTFifoQueue`1.ClearCommandQueue">
            <summary>
            清除现有的命令队列
            </summary>
        </member>
        <member name="M:Pcy.Common.MTFifoQueue`1.Dispose">
            <summary>
            停止新增的命令数据处理，并准备退出线程并释放资源。
            </summary>
            <exception cref="T:System.ObjectDisposedException">资源已被释放。</exception>
        </member>
        <member name="F:Pcy.Common.TaskEx.m_action">
            <summary>
            需要执行的任务委托。
            </summary>
        </member>
        <member name="F:Pcy.Common.TaskEx.m_state">
            <summary>
            任务运行时的状态数据。
            </summary>
        </member>
        <member name="F:Pcy.Common.TaskEx.m_stateFlags">
            <summary>
            任务的状态。
            </summary>
        </member>
        <member name="P:Pcy.Common.TaskEx.IsCompleted">
            <summary>
            指示任务是否已经完成。
            </summary>
        </member>
        <member name="P:Pcy.Common.TaskEx.IsFault">
            <summary>
            指示任务是否是由于异常导致的完成。
            </summary>
        </member>
        <member name="P:Pcy.Common.TaskEx.Exception">
            <summary>
            任务由于异常完成时的异常。如果任务未异常完成，将返回 null。
            </summary>
        </member>
        <member name="M:Pcy.Common.TaskEx.#ctor(System.Action)">
            <summary>
            实例化<see cref="T:Pcy.Common.TaskEx"/>，并指定一个没有参数的运行委托。
            </summary>
            <param name="action">需要运行的委托。</param>
        </member>
        <member name="M:Pcy.Common.TaskEx.#ctor(System.Action{System.Object},System.Object)">
            <summary>
             实例化<see cref="T:Pcy.Common.TaskEx"/>，并指定一个有一个参数的运行委托，并设置委托使用的数据对象。
            </summary>
            <param name="action">需要运行的委托。</param>
            <param name="state">由委托使用的数据对象。</param>
        </member>
        <member name="M:Pcy.Common.TaskEx.SetContinuationForAwait(System.Action,System.Boolean,System.Boolean)">
            <summary>
            为await设置后续操作。
            </summary>
            <param name="continuationAction">需要执行的后续操作，通常情况下为捕获到的状态机。</param>
            <param name="continueOnCapturedContext">是否需要在捕获到的上下文执行后续操作。</param>
            <param name="flowExecutionContext">是否需要传递执行的上下文。</param>
        </member>
        <member name="M:Pcy.Common.TaskEx.ConfigureAwait(System.Boolean)">
            <summary>
            配置用于await等待的等待器用于等待<see cref="T:Pcy.Common.TaskEx"/>执行。
            </summary>
            <param name="continueOnCapturedContext">是否继续使用当前上下文执行接续任务。</param>
            <returns></returns>
        </member>
        <member name="M:Pcy.Common.TaskEx.GetAwaiter">
            <summary>
            获取当前用于await的等待器。
            </summary>
            <returns></returns>
        </member>
        <member name="T:Pcy.Common.TaskEx.TaskStateFlags">
            <summary>
            <see cref="T:Pcy.Common.TaskEx"/>的状态。
            </summary>
        </member>
        <member name="F:Pcy.Common.TaskEx.TaskStateFlags.None">
            <summary>
            没有任何状态。
            </summary>
        </member>
        <member name="F:Pcy.Common.TaskEx.TaskStateFlags.Create">
            <summary>
            任务已经创建
            </summary>
        </member>
        <member name="F:Pcy.Common.TaskEx.TaskStateFlags.WaitingToRun">
            <summary>
            任务已经执行了<see cref="M:Pcy.Common.TaskEx.Start"/>方法，正在等待运行。
            </summary>
        </member>
        <member name="F:Pcy.Common.TaskEx.TaskStateFlags.Running">
            <summary>
            任务正在运行中。
            </summary>
        </member>
        <member name="F:Pcy.Common.TaskEx.TaskStateFlags.Faulted">
            <summary>
            任务运行出现异常。
            </summary>
        </member>
        <member name="F:Pcy.Common.TaskEx.TaskStateFlags.RanToCompletion">
            <summary>
            任务已经运行完成。
            </summary>
        </member>
        <member name="T:Pcy.Common.AwaitTaskExContinuation">
            <summary>
            用于等待<see cref="T:Pcy.Common.TaskEx"/>的awaiter的持续任务类，用于使用调用awaiter方法的上下文执行接续任务的情况。
            </summary>
        </member>
        <member name="T:Pcy.Common.SyncContextAwaitTaskExContinuation">
            <summary>
            用于等待<see cref="T:Pcy.Common.TaskEx"/>的awaiter的持续任务类，主要用于将接续方法返回至UI线程执行的情况。
            </summary>
        </member>
        <member name="M:Pcy.Common.SyncContextAwaitTaskExContinuation.#ctor(Pcy.Common.TaskEx,System.Threading.SynchronizationContext,System.Action)">
            <summary>
            主要用于将接续方法返回至UI线程执行的情况.
            </summary>
            <param name="task"></param>
            <param name="context"></param>
            <param name="action"></param>
        </member>
        <member name="M:Pcy.Common.SyncContextAwaitTaskExContinuation.WaitAndRunStateMachine">
            <summary>
            等待<see cref="T:Pcy.Common.TaskEx"/>执行完成，然后使用同步进程执行状态机。
            </summary>
        </member>
        <member name="T:Pcy.Common.ThreadPoolAwaitTaskExContinuation">
            <summary>
            用于等待<see cref="T:Pcy.Common.TaskEx"/>的awaiter的持续任务类，用于使用执行等待任务的线程继续执行后续的情况。
            </summary>
        </member>
        <member name="T:Pcy.Common.TaskExContinuation">
            <summary>
            用于等待<see cref="T:Pcy.Common.TaskEx"/>的awaiter的持续任务抽象类。
            </summary>
        </member>
        <member name="M:Pcy.Common.TaskExContinuation.WaitAndRunStateMachine">
            <summary>
            等待任务执行完成，并执行状态机给予的接续任务。
            </summary>
        </member>
        <member name="T:Pcy.Common.TCPClient">
            <summary>
            TCP客户端。
            </summary>
        </member>
        <member name="M:Pcy.Common.TCPClient.ConfigSpliter(System.String)">
            <summary>
            设置粘包处理拆包结尾字符串，长度不大于两位
            </summary>
        </member>
        <member name="P:Pcy.Common.TCPClient.StickyEnd">
            <summary>
            获取当前用于拆包的字节数组。
            </summary>
        </member>
        <member name="P:Pcy.Common.TCPClient.EnableStickyPackage">
            <summary>
            是否启用粘包处理。启用粘包处理时也必须设置<see cref="P:Pcy.Common.TCPClient.StickyEnd"/>已确认包结束标志。
            </summary>
        </member>
        <member name="M:Pcy.Common.TCPClient.FireReceiveData(System.Byte[],System.Int32)">
            <summary>
            处理粘包数据。
            </summary>
            <param name="buffer"></param>
            <param name="length"></param>
        </member>
        <member name="M:Pcy.Common.TCPClient.Connect(System.String,System.Int32,System.Int32)">
            <summary>
            连接到TCP服务器，并指定服务器的IP地址和端口号。
            </summary>
            <param name="reconnectInterval">是否启用强制连接。详情参见<see cref="P:Pcy.Common.TCPClient.ReconnectInterval"/></param>
            <param name="ipAddress">远端服务器IP地址。</param>
            <param name="port">远端服务器端口号。</param>
            <exception cref="T:System.ArgumentException">输入IP不是一个有效的IP地址。</exception>
            <exception cref="T:System.ArgumentNullException">输入的IP地址为空。</exception>
            <exception cref="T:System.ArgumentOutOfRangeException">输入端口不是一个有效的端口号。</exception>
        </member>
        <member name="M:Pcy.Common.TCPClient.Connect(System.Int32)">
            <summary>
            使用当前已有配置连接到TCP服务器。
            获取连接结果请添加<see cref="E:Pcy.Common.TCPClient.TCPClientStateChangedEvent"/>事件。
            </summary>
            <param name="reconnectInterval">自动重连间隔时间。详情参见<see cref="P:Pcy.Common.TCPClient.ReconnectInterval"/></param>
            <exception cref="T:System.ArgumentException"><see cref="P:Pcy.Common.TCPClient.RemoteIPAddress"/>不是一个有效的IP地址。</exception>
            <exception cref="T:System.ArgumentNullException"><see cref="P:Pcy.Common.TCPClient.RemoteIPAddress"/>为null。</exception>
            <exception cref="T:System.ArgumentOutOfRangeException">当前端口不是一个有效的端口号。</exception>
        </member>
        <member name="P:Pcy.Common.TCPClient.IgnoreSameStateChangedEvent">
            <summary>
            获取或设置是否忽略类似的状态改变事件，默认为<see langword="true"/>。
            如果启用，则在遇到相同连接状态改变事件时不会再触发连接状态改变事件，这有助于忽略掉频繁断连导致的重复事件。
            </summary>
        </member>
        <member name="P:Pcy.Common.TCPClient.RemoteIPAddress">
            <summary>
            获取或设置远程服务器IP地址。
            </summary>
            <exception cref="T:System.ArgumentException">当前值不是一个有效的IP地址。</exception>
            <exception cref="T:System.ArgumentNullException">当前值为null。</exception>
        </member>
        <member name="P:Pcy.Common.TCPClient.RemotePort">
            <summary>
            获取或设置远程服务器端口号。
            </summary>
            <exception cref="T:System.ArgumentOutOfRangeException">不是一个有效的端口号。</exception>
        </member>
        <member name="P:Pcy.Common.TCPClient.ReconnectInterval">
            <summary> 
            获取或设置自动重连间隔时间，默认为1000毫秒。
            如果启用自动重连，则会一直尝试重连，直到连接成功。
            连接成功后，如果异常断开，也会一直尝试重连。
            小于0时关闭自动重连。
            </summary>
        </member>
        <member name="E:Pcy.Common.TCPClient.ReceivedDataEvent">
            <summary>
            当收到服务器数据时触发该事件。
            </summary>
        </member>
        <member name="E:Pcy.Common.TCPClient.TCPClientStateChangedEvent">
            <summary>
            当连接状态发生改变时触发该事件。
            </summary>
        </member>
        <member name="T:Pcy.Common.TcpClientStateChangedEventArgs">
            <summary>
            <see cref="E:Pcy.Common.TCPClient.TCPClientStateChangedEvent"/>事件数据。
            </summary>
        </member>
        <member name="T:Pcy.Common.TcpClientReceivedEventArgs">
            <summary>
            <see cref="E:Pcy.Common.TCPClient.ReceivedDataEvent"/>事件数据。
            </summary>
        </member>
        <member name="T:Pcy.Common.TCPServer">
            <summary>
            TCP服务器。
            </summary>
        </member>
        <member name="F:Pcy.Common.TCPServer.MAXCLIENT_COUNT">
            <summary>
            默认的最大客户端数量。
            </summary>
        </member>
        <member name="P:Pcy.Common.TCPServer.MaxClient">
            <summary>
            服务器程序允许的最大客户端连接数。
            </summary>
        </member>
        <member name="P:Pcy.Common.TCPServer.Address">
            <summary>
            监听的IP地址。
            </summary>
        </member>
        <member name="P:Pcy.Common.TCPServer.Port">
            <summary>
            监听的端口
            </summary>
        </member>
        <member name="F:Pcy.Common.TCPServer._serverSock">
            <summary>
            服务器使用的异步socket
            </summary>
        </member>
        <member name="F:Pcy.Common.TCPServer._clients">
            <summary>
            客户端会话列表
            </summary>
        </member>
        <member name="P:Pcy.Common.TCPServer.ClientCount">
            <summary>
            获取当前的连接的客户端数量
            </summary>
        </member>
        <member name="P:Pcy.Common.TCPServer.IsRunning">
            <summary>
            获取当前服务器处于运行状态。
            </summary>
        </member>
        <member name="M:Pcy.Common.TCPServer.#ctor(System.Int32)">
            <summary>
            初始化异步Socket TCP服务器，并指定需要监听的端口号。
            </summary>
            <param name="listenPort">监听的端口</param>
        </member>
        <member name="M:Pcy.Common.TCPServer.#ctor(System.Net.IPEndPoint)">
            <summary>
            初始化异步Socket TCP服务器，并指定需要监听的端节点地址。
            </summary>
            <param name="localEP">监听的端结点。</param>
        </member>
        <member name="M:Pcy.Common.TCPServer.#ctor(System.Net.IPAddress,System.Int32,System.Int32)">
            <summary>
            初始化异步Socket TCP服务器，并指定需要监听的IP地址、端口号和最大客户端数量。
            </summary>
            <param name="localIPAddress">监听的IP地址。</param>
            <param name="listenPort">监听的端口。</param>
            <param name="maxClient">最大客户端数量，默认为<see cref="F:Pcy.Common.TCPServer.MAXCLIENT_COUNT"/>。</param>
        </member>
        <member name="M:Pcy.Common.TCPServer.Start">
            <summary>
            启动服务器
            </summary>
            <returns>异步TCP服务器</returns>
        </member>
        <member name="M:Pcy.Common.TCPServer.Start(System.Int32)">
            <summary>
            启动服务器
            </summary>
            <param name="backlog">
            服务器所允许的挂起连接序列的最大长度。
            </param>
            <returns>异步TCP服务器</returns>
        </member>
        <member name="M:Pcy.Common.TCPServer.Stop">
            <summary>
            停止服务器
            </summary>
            <returns>异步TCP服务器</returns>
        </member>
        <member name="M:Pcy.Common.TCPServer.HandleAcceptConnected(System.IAsyncResult)">
            <summary>
            处理客户端连接
            </summary>
            <param name="ar"></param>
        </member>
        <member name="M:Pcy.Common.TCPServer.HandleDataReceived(System.IAsyncResult)">
            <summary>
            处理客户端数据。
            </summary>
            <param name="ar"></param>
        </member>
        <member name="M:Pcy.Common.TCPServer.Send(System.Byte[])">
            <summary>
            向所有已连接的会话客户端发送数据。
            </summary>
            <param name="buffer">需要发送的数据。</param>
            <returns>成功发送数据的客户端。</returns>
        </member>
        <member name="M:Pcy.Common.TCPServer.Send(Pcy.Common.Session,System.Byte[])">
            <summary>
            向指定会话客户端发送数据，并返回发送结果。
            </summary>
            <param name="session">接收数据的客户端会话。</param>
            <param name="buffer">数据报文。</param>
            <returns>成功发送的字节数。</returns>
        </member>
        <member name="E:Pcy.Common.TCPServer.ReceivedDataEvent">
            <summary>
            当收到客户端数据时触发该事件。
            </summary>
        </member>
        <member name="E:Pcy.Common.TCPServer.StateChangedEvent">
            <summary>
            连接状态改变时触发该事件。
            </summary>
        </member>
        <member name="M:Pcy.Common.TCPServer.CloseSession">
            <summary>
            关闭所有的客户端会话,与所有的客户端连接会断开。
            </summary>
        </member>
        <member name="M:Pcy.Common.TCPServer.CloseSession(Pcy.Common.Session)">
            <summary>
            关闭一个与客户端之间的会话。
            </summary>
            <param name="session">需要关闭的客户端会话对象</param>
        </member>
        <member name="M:Pcy.Common.TCPServer.Dispose">
            <summary>
            Performs application-defined tasks associated with freeing, 
            releasing, or resetting unmanaged resources.
            </summary>
        </member>
        <member name="M:Pcy.Common.TCPServer.Dispose(System.Boolean)">
            <summary>
            释放所有托管资源和已使用的非托管资源数据。
            </summary>
            <param name="disposing">
            <c>true</c>释放所有托管和非托管资源数据;
            <c>false</c>仅释放非托管数据。</param>
        </member>
        <member name="T:Pcy.Common.Session">
            <summary>
            TCP服务器与客户端之间的会话类。
            </summary>
        </member>
        <member name="P:Pcy.Common.Session.RecvDataBuffer">
            <summary>
            接收数据缓冲区。
            </summary>
        </member>
        <member name="M:Pcy.Common.Session.Disconnect">
            <summary>
            关闭会话
            </summary>
        </member>
        <member name="T:Pcy.Common.TcpSvrReceviedEventArgs">
            <summary>
            TCP客户端收到数据事件的事件数据。
            </summary>
        </member>
        <member name="P:Pcy.Common.TcpSvrReceviedEventArgs.Session">
            <summary>
            客户端连接会话。如果断开连接，则会话可能为空。
            </summary>
        </member>
        <member name="P:Pcy.Common.TcpSvrReceviedEventArgs.LocalEndPoint">
            <summary>
            本地终节点。
            </summary>
        </member>
        <member name="P:Pcy.Common.TcpSvrReceviedEventArgs.RemoteEndPoint">
            <summary>
            远程终节点。
            </summary>
        </member>
        <member name="T:Pcy.Common.TcpSvrStateChangedEventArgs">
            <summary>
            TCP客户连接状态改变事件的事件数据。
            </summary>
        </member>
        <member name="P:Pcy.Common.TcpSvrStateChangedEventArgs.State">
            <summary>
            连接状态
            </summary>
        </member>
        <member name="P:Pcy.Common.TcpSvrStateChangedEventArgs.Session">
            <summary>
            客户端连接会话。如果断开连接，则会话可能为空。
            </summary>
        </member>
        <member name="P:Pcy.Common.TcpSvrStateChangedEventArgs.RemoteEndPoint">
            <summary>
            本地终节点。
            </summary>
        </member>
        <member name="P:Pcy.Common.TcpSvrStateChangedEventArgs.LocalEndPoint">
            <summary>
            远程终节点。
            </summary>
        </member>
        <member name="T:Pcy.Common.ThreadPoolEx">
            <summary>
            使用线程实现的线程池，旨在加快任务执行的等待时间，尽量复用线程，减少线程的新建和销毁时的资源开销。。
            底层原理为任务完成后不立刻结束执行线程，仅在线程长时间空闲时才关闭线程。如果新任务到达后没有可用线程，将立刻开启一个新的线程。
            </summary>
        </member>
        <member name="M:Pcy.Common.ThreadPoolEx.QueueUserWorkItem(System.Action)">
            <summary>
            添加没有任何参数的任务委托到线程池，不等待执行立即返回。
            </summary>
            <param name="callBack">需要执行的任务委托。</param>
            <returns></returns>
        </member>
        <member name="M:Pcy.Common.ThreadPoolEx.QueueUserWorkItem(System.Action{System.Object},System.Object)">
            <summary>
            添加一个具有 <see cref="T:System.Object"/> 类型的参数状态的任务委托到线程池，不等待执行立即返回。
            </summary>
            <param name="callBack">需要执行的任务委托</param>
            <param name="objState">任务委托中需要使用的状态。</param>
            <returns></returns>
        </member>
        <member name="M:Pcy.Common.ThreadPoolEx.QueueUserWorkItem``1(System.Action{``0},``0)">
            <summary>
            添加一个具有指定类型的参数状态的任务委托到线程池，不等待执行立即返回。
            </summary>
            <typeparam name="TState">指定的状态类型</typeparam>
            <param name="callBack">需要执行的任务委托。</param>
            <param name="state">任务委托中需要使用的状态。</param>
            <returns></returns>
        </member>
        <member name="T:Pcy.Common.ThreadPoolEx.TPxWaitCallbackWorkQueue">
            <summary>
            带状态的线程池执行队列。
            </summary>
        </member>
        <member name="F:Pcy.Common.ThreadPoolEx.TPxWaitCallbackWorkQueue.FUN_HAS_EXECUTER">
            <summary>
            确定是否还有空闲线程的Func。
            </summary>
        </member>
        <member name="F:Pcy.Common.ThreadPoolEx.TPxWaitCallbackWorkQueue.FUN_CANMOVED_EXECUTER">
            <summary>
            确定是否可以移除的比较器。
            </summary>
        </member>
        <member name="T:Pcy.Common.ThreadPoolEx.TPxWaitCallbackWorkQueue.TPxExecuter">
            <summary>
            表示一个线程池执行器。
            </summary>
        </member>
        <member name="P:Pcy.Common.ThreadPoolEx.TPxWaitCallbackWorkQueue.TPxExecuter.Executing">
            <summary>
            是否正在执行任务中。
            </summary>
        </member>
        <member name="M:Pcy.Common.ThreadPoolEx.TPxWaitCallbackWorkQueue.TPxExecuter.QueueUserWorkItem(Pcy.Common.ThreadPoolEx.IThreadPoolExWorkItem)">
            <summary>
            尝试使用该线程池执行器执行指定的方法，并返回该方法是否已经被该执行器接收准备执行。
            </summary>
            <param name="callBack"></param>
            <returns></returns>
        </member>
        <member name="P:Pcy.Common.ThreadPoolEx.TPxWaitCallbackWorkQueue.TPxExecuter.IsAliving">
            <summary>
            当前线程池执行器是否还存活，。
            </summary>
        </member>
        <member name="P:Pcy.Common.ThreadPoolEx.TPxWaitCallbackWorkQueue.TPxExecuter.CanUsed">
            <summary>
            获取当前执行器是否可用于执行新的任务。
            </summary>
        </member>
        <member name="T:Pcy.Common.ThreadPoolEx.IThreadPoolExWorkItem">
            <summary>
            表示一个线程池项目的接口。
            </summary>
        </member>
        <member name="T:Pcy.Common.ThreadPoolEx.QueueUserWorkItemCallback">
            <summary>
            没有任何参数的线程池执行对象。
            </summary>
        </member>
        <member name="T:Pcy.Common.ThreadPoolEx.QueueUserWorkItemCallback`1">
            <summary>
            带状态的线程池执行对象。
            </summary>
            <typeparam name="TState"></typeparam>
        </member>
        <member name="T:Pcy.Common.TryList`1">
            <summary>
            可以执行安全数据添加的强类型列表。
            </summary>
            <typeparam name="T">列表中元素的类型。</typeparam>
        </member>
        <member name="M:Pcy.Common.TryList`1.ForEach(System.Action{`0})">
            <summary>
            对<see cref="T:Pcy.Common.TryList`1"/>每个元素执行指定的操作。
            </summary>
            <param name="action">指定的操作。</param>
        </member>
        <member name="M:Pcy.Common.TryList`1.TrimEnd">
            <summary>
            移除集合末尾空数据。
            </summary>
        </member>
        <member name="T:Pcy.Common.ITryList`1">
            <summary>
            表示可以安全添加和获取数据的集合。
            </summary>
            <typeparam name="T">列表中元素的类型。</typeparam>
        </member>
        <member name="M:Pcy.Common.ITryList`1.SetOrAdd(System.Int32,`0)">
            <summary>
            设置指定索引处的数据，如果指定索引大于或等于当前所有项，则添加新的数据。
            </summary>
            <param name="index">指定位置索引。</param>
            <param name="item">需要添加的数据。</param>
        </member>
        <member name="M:Pcy.Common.ITryList`1.GetOrNull(System.Int32)">
            <summary>
            获取指定索引处的值，如果索引溢出，则返回null。
            </summary>
            <param name="index">指定索引处。</param>
        </member>
        <member name="M:Pcy.Common.XmlHelper.XmlSerialize(System.Object,System.Text.Encoding)">
            <summary>
            将一个对象序列化为XML字符串
            </summary>
            <param name="o">要序列化的对象</param>
            <param name="encoding">编码方式</param>
            <returns>序列化产生的XML字符串</returns>
        </member>
        <member name="M:Pcy.Common.XmlHelper.XmlSerializeToFile(System.Object,System.String,System.Text.Encoding)">
            <summary>
            将一个对象按XML序列化的方式写入到一个文件
            </summary>
            <param name="o">要序列化的对象</param>
            <param name="path">保存文件路径</param>
            <param name="encoding">编码方式</param>
        </member>
        <member name="M:Pcy.Common.XmlHelper.XmlDeserialize``1(System.String,System.Text.Encoding)">
            <summary>
            从XML字符串中反序列化对象
            </summary>
            <typeparam name="T">结果对象类型</typeparam>
            <param name="s">包含对象的XML字符串</param>
            <param name="encoding">编码方式</param>
            <returns>反序列化得到的对象</returns>
        </member>
        <member name="M:Pcy.Common.XmlHelper.XmlDeserializeFromFile``1(System.String)">
            <summary>
            读入一个文件，并按XML的方式反序列化对象。
            </summary>
            <typeparam name="T">结果对象类型</typeparam>
            <param name="path">文件路径</param>
            <returns>反序列化得到的对象</returns>
        </member>
        <member name="T:Pcy.Configuration.IConfig">
            <summary>
            配置文件接口类。
            </summary>
        </member>
        <member name="M:Pcy.Configuration.IConfig.GetValueType">
            <summary>
            获取当前值的类型。
            </summary>
            <returns></returns>
        </member>
        <member name="M:Pcy.Configuration.IConfig.Save">
            <summary>
            保存值到文件。
            </summary>
        </member>
        <member name="M:Pcy.Configuration.IConfig.ToString">
            <summary>
            获取当前配置的字符串表现形式。
            </summary>
            <returns></returns>
        </member>
        <member name="M:Pcy.Configuration.IConfig.SetValue(System.Object)">
            <summary>
            设置当前值。
            </summary>
            <param name="objValue"></param>
        </member>
        <member name="M:Pcy.Configuration.IConfig.GetChildName">
            <summary>
            获取配置文件的子节点名称。
            </summary>
            <returns></returns>
        </member>
        <member name="M:Pcy.Configuration.IConfig.GetParentName">
            <summary>
            获取配置文件的父节点名称。
            </summary>
            <returns></returns>
        </member>
        <member name="M:Pcy.Configuration.IConfig.GetValue">
            <summary>
            获取当前值。
            </summary>
            <returns></returns>
        </member>
        <member name="T:Pcy.Configuration.IXCfgInfo">
            <summary>
            XML文档配置配置接口
            </summary>
        </member>
        <member name="P:Pcy.Configuration.IXCfgInfo.Encrypt">
            <summary>
            该文档配置是否加密。
            </summary>
        </member>
        <member name="P:Pcy.Configuration.IXCfgInfo.EncryptFileInfo">
            <summary>
            XEF加密文件路径，Xml Encrypt File。
            </summary>
        </member>
        <member name="P:Pcy.Configuration.IXCfgInfo.FileInfo">
            <summary>
            XML文件路径。
            </summary>
        </member>
        <member name="P:Pcy.Configuration.XInfo.FileInfo">
            <summary>
            XML文件路径。
            </summary>
        </member>
        <member name="F:Pcy.Configuration.XInfo.FileWithoutExtension">
            <summary>
            不包含文件扩展名的文件全路径。
            </summary>
        </member>
        <member name="M:Pcy.Configuration.XInfo.#ctor(System.String,System.String,Pcy.Configuration.XMode,System.Byte[])">
            <summary>
            初始化实例并从文件加载数据。
            如果文件不存在，则新建XML文档。
            </summary>
            <param name="filePath"></param>
            <param name="mainNode"></param>
            <param name="fileMode"></param>
            <param name="key"></param>
        </member>
        <member name="M:Pcy.Configuration.XInfo.#ctor(System.Xml.Linq.XDocument,System.String,Pcy.Configuration.XMode,System.Byte[])">
            <summary>
            初始化Xml数据保存。
            </summary>
            <param name="xDocument">保存数据节点的document。</param>
            <param name="filePath">Xml文档文件路径。</param>
            <param name="fileMode"></param>
            <param name="key"></param>
        </member>
        <member name="M:Pcy.Configuration.XInfo.Save">
            <summary>
            保存当前值到文件系统。
            文件路径为<see cref="P:Pcy.Configuration.XInfo.FileInfo"/>
            如果文件已存在，则此方法会覆盖它。
            </summary>
        </member>
        <member name="T:Pcy.Configuration.XmlChild">
            <summary>
            可以将指定的属性数据保存到Xml文件的类型。
            </summary>
        </member>
        <member name="P:Pcy.Configuration.XmlChild.XPath">
            <summary>
            当前配置的Xml路径。
            </summary>
        </member>
        <member name="M:Pcy.Configuration.XmlChild.#ctor(System.String,System.String,Pcy.Configuration.XMode,System.Byte[])">
            <summary>
            初始化实例并从文件加载数据。
            如果文件不存在，则新建XML文档。
            </summary>
            <param name="filePath"></param>
            <param name="xpath"></param>
            <param name="fileMode"></param>
            <param name="key"></param>
        </member>
        <member name="M:Pcy.Configuration.XmlChild.#ctor(System.Xml.Linq.XDocument,System.String,System.String,Pcy.Configuration.XMode,System.Byte[])">
            <summary>
            初始化Xml数据保存。
            </summary>
            <param name="xDocument">保存数据节点的document。</param>
            <param name="filePath">Xml文档文件路径。</param>
            <param name="xpath">需要创建的所有节点，必须是一个XPath表达式。</param>
            <param name="fileMode"></param>
            <param name="key"></param>
        </member>
        <member name="M:Pcy.Configuration.XmlChild.RefrenceToXml(System.Xml.Linq.XElement,Pcy.Configuration.XmlConfigAttribute,System.Object)">
            <summary>
            将指定的值写入到指定的XML文档结构中，并指定写入特性。
            </summary>
            <param name="topEle">需要写入的XML文档</param>
            <param name="topAtt">写入特性</param>
            <param name="topValue">需要写入到XML文档的值</param>
        </member>
        <member name="M:Pcy.Configuration.XmlChild.XmlToRefrence(System.Xml.Linq.XElement,Pcy.Configuration.XmlConfigAttribute,System.Object)">
            <summary>
            转换数据到实例。
            </summary>
        </member>
        <member name="M:Pcy.Configuration.XmlChild.Save">
            <summary>
            保存当前值到文件系统。
            文件路径为<see cref="P:Pcy.Configuration.XmlChild.FileInfo"/>
            如果文件已存在，则此方法会覆盖它。
            </summary>
        </member>
        <member name="P:Pcy.Configuration.XmlChild.IsReflectionType">
            <summary>
            是否反射值的类型。
            启用该类型后，将尝试将值类型保存到文件系统，并在重新加载值的时候以已保存的值得类型对值进行初始化。
            </summary>
        </member>
        <member name="T:Pcy.Configuration.XmlConfigAttribute">
            <summary>
            Xml文档保存特性。
            </summary>
        </member>
        <member name="F:Pcy.Configuration.XmlConfigAttribute.TYPE">
            <summary>
            获取该类型的<see cref="T:System.Type"/>。
            </summary>
        </member>
        <member name="P:Pcy.Configuration.XmlConfigAttribute.HasChild">
            <summary>
            当前类或者结构有子数据需要保存。
            </summary>
            <remarks>
            1、需要有无参构造函数或是由父类实例创建，否则会出现无法找到无参构造函数异常。
            2、子项集合必须有继承自<see cref="T:System.Collections.IList"/>的接口。
            3、方法<see cref="M:System.Collections.IList.Add(System.Object)"/>和属性<see cref="P:System.Collections.ICollection.Count"/>可见性必须为<see langword="public"/>。
            4、为保证数据准确性，请勿使用值类型<see cref="T:System.ValueType"/>进行子数据保存，如<see langword="struct"/>。
            5、读取失败时会使用默认值初始化参数，如有必要请对每个值赋初值。
            6、子数据推荐使用<see cref="T:Pcy.Common.TryList`1"/>进行保存。
            </remarks>
        </member>
        <member name="P:Pcy.Configuration.XmlConfigAttribute.Save">
            <summary>
            数据是否需要保存到文件。
            </summary>
        </member>
        <member name="P:Pcy.Configuration.XmlConfigAttribute.LoadAfterList">
            <summary>
            指定该属性在List初始化完成后再进行加载。
            仅对属性有效，默认为false。
            </summary>
        </member>
        <member name="M:Pcy.Configuration.XmlExtensions.GetXmlAttr(System.Reflection.MemberInfo)">
            <summary>
            获取指定属性信息的<see cref="T:Pcy.Configuration.XmlConfigAttribute"/>特性，
            如果存在该特性则返回该特性，否则返回空。
            </summary>
            <param name="propertyInfo"></param>
            <returns></returns>
        </member>
        <member name="M:Pcy.Configuration.XmlExtensions.SaveOrDeleteType(System.Xml.Linq.XElement,System.Type,System.Boolean)">
            <summary>
            保存<see cref="T:System.Type"/>信息到指定的节点属性中。
            </summary>
            <param name="ele"></param>
            <param name="type"></param>
            <param name="bSave"></param>
        </member>
        <member name="M:Pcy.Configuration.XmlExtensions.GetTypeNameAssemblyName(System.Type)">
            <summary>
            获取类型的包含程序集名称的全名。
            如：NamespaceName.ClassName,AssemblyName
            </summary>
            <param name="type"></param>
            <returns></returns>
        </member>
        <member name="M:Pcy.Configuration.XmlExtensions.ElementOrCreate(System.Xml.Linq.XContainer,System.Xml.Linq.XName)">
            <summary>
            返回指定名称的节点，如果节点不存在，则创建该节点并返回。
            </summary>
            <param name="container"></param>
            <param name="name"></param>
            <returns></returns>
        </member>
        <member name="M:Pcy.Configuration.XmlExtensions.AttributeOrCreate(System.Xml.Linq.XElement,System.Xml.Linq.XName)">
            <summary>
            获取指定名称的属性，如果该属性不存在，则用默认值创建该属性。
            注意：如果属性节点存在，则不会将值写入到该属性。
            </summary>
            <param name="container"></param>
            <param name="name"></param>
            <returns></returns>
        </member>
        <member name="M:Pcy.Configuration.XmlExtensions.AttributeValueOrNull(System.Xml.Linq.XElement,System.Xml.Linq.XName)">
            <summary>
            获取指定名称属性的值，如果指定名称属性不存在，则返回空。
            </summary>
            <param name="element"></param>
            <param name="attributeName">指定的属性名称。</param>
            <returns></returns>
        </member>
        <member name="M:Pcy.Configuration.XmlHelper.XmlSerialize``1(``0,System.Boolean)">
            <summary>
            将一个对象序列化为<see cref="T:System.Xml.Linq.XDocument"/>
            </summary>
            <typeparam name="T">需要序列化对象的类型。</typeparam>
            <param name="obj">需要序列化为Xml的对象</param>
            <param name="isReflectionType">是否反射值的类型。启用该类型后，将尝试将值类型保存到文件系统，并在重新加载值的时候以已保存的值得类型对值进行初始化。</param>
        </member>
        <member name="M:Pcy.Configuration.XmlHelper.RefrenceToXml(System.Xml.Linq.XElement,Pcy.Configuration.XmlConfigAttribute,System.Object)">
            <summary>
            将指定的值写入到指定的XML文档结构中，并指定写入特性。
            </summary>
            <param name="topEle">需要写入的XML文档</param>
            <param name="topAtt">写入特性</param>
            <param name="topValue">需要写入到XML文档的值</param>
        </member>
        <member name="M:Pcy.Configuration.XmlHelper.LoadObjectAllPropertyValue(System.Object,System.Xml.Linq.XElement,System.Boolean)">
            <summary>
            从XML节点数据中加载指定实例的所有属性和List数据。
            </summary>
            <param name="instance"></param>
            <param name="parentEle"></param>
            <param name="ignoreList"></param>
        </member>
        <member name="T:Pcy.Configuration.XmlList`1">
            <summary>
            可以将类型为T的数据和指定的属性值保存到Xml文件的强类型列表。
            </summary>
            <typeparam name="T">列表中元素的类型。</typeparam>
        </member>
        <member name="M:Pcy.Configuration.XmlList`1.#ctor(System.Xml.Linq.XDocument,System.String,System.String,Pcy.Configuration.XMode)">
            <summary>
            初始化Xml数据保存。
            </summary>
            <param name="xDocument">保存数据节点的document。</param>
            <param name="filePath">Xml文档文件路径</param>
            <param name="xpath">需要创建的所有节点，必须是一个XPath表达式。</param>
            <param name="fileMode"></param>
        </member>
        <member name="T:Pcy.Configuration.XMode">
            <summary>
            Xml配置文件模式。
            </summary>
        </member>
        <member name="F:Pcy.Configuration.XMode.Load">
            <summary>
            从文件加载XML
            </summary>
        </member>
        <member name="F:Pcy.Configuration.XMode.LoadOrCreate">
            <summary>
            从文件加载XML，当文件不存在时则创建XML
            </summary>
        </member>
        <member name="F:Pcy.Configuration.XMode.Encrypt">
            <summary>
            加密XML文档
            </summary>
        </member>
    </members>
</doc>
